model,family,n_datasets,auc,auc_lo,auc_hi,eps,eps_lo,eps_hi,commit_pt,commit_pt_lo,commit_pt_hi,commit_run,commit_run_lo,commit_run_hi,sscs,sscs_lo,sscs_hi,sscsp,sscsp_lo,sscsp_hi,cov,cov_lo,cov_hi,width,width_lo,width_hi
tabfm,TFM,113,0.9010793421198732,0.8821017966899465,0.9191897945197945,0.034521750541888975,0.02685490049686061,0.04239095069672147,0.9654782494581109,0.9576090493032785,0.9731450995031393,0.5469026548672566,0.46103982300884955,0.6327433628318584,0.4685017185261147,0.39335380338217146,0.5407421933663568,0.9110561755722211,0.8971550336843133,0.924895439631386,0.9025977015116755,0.9004109412605066,0.9048706975215025,1.2002061970091458,1.1224927921957122,1.286421214973107
exaone,TFM,113,0.8970389838371153,0.8778958687831648,0.9152837248537219,0.03283741445203786,0.025133169851993247,0.04078239661709715,0.9671625855479621,0.9592176033829029,0.9748668301480067,0.5610619469026549,0.4725442477876106,0.6460176991150443,0.47936540856063614,0.4035751792455649,0.5517430682752396,0.9070137967437524,0.8923631249081928,0.9214317610112874,0.9018285796842465,0.899660079738312,0.904029279034426,1.2120584330814395,1.1334390963283176,1.2990449690213355
tabiclv2,TFM,113,0.8966011669019167,0.8774554174006057,0.9148688552115861,0.03265428245401152,0.024939085147438703,0.04069803107210832,0.9673457175459884,0.9593019689278918,0.9750609148525612,0.5734513274336283,0.48407079646017703,0.6592920353982301,0.4876668495026245,0.41152535371896454,0.5614165304695846,0.9042946088186994,0.8877984508315356,0.9197068246588309,0.901658715446244,0.8996609414314357,0.9036378722973899,1.217597868370124,1.1374812269636172,1.306906312204406
tabpfn3,TFM,113,0.8957786836916357,0.876753698792983,0.9141616257957612,0.03189867479421262,0.024287995962390656,0.03965273221123201,0.9681013252057874,0.9603472677887679,0.9757120040376093,0.5699115044247788,0.4805309734513274,0.6548672566371682,0.4868737004610627,0.4103450269113644,0.5598555346883537,0.9066994434912621,0.8918792112339043,0.9209726847827662,0.9034544275437212,0.9013116832183471,0.9057943455186739,1.2208845206604166,1.140643251947424,1.3109025076064564
tabldm,TFM,113,0.8952499605306486,0.8760472890524903,0.9137551559714391,0.032354704355724066,0.024583178214021947,0.04032438499469588,0.967645295644276,0.9596756150053041,0.975416821785978,0.576991150442478,0.4876106194690265,0.6619690265486727,0.49205350218588517,0.4161935504451185,0.5660315303549316,0.9050754871541219,0.8896038335289889,0.9197282396225315,0.9016363570725222,0.8996182543891493,0.903700218589238,1.2202303644846564,1.1396628350767526,1.3089213430597606
mitra@v2,TFM,113,0.8948804947708231,0.8758779957504783,0.9130855469054645,0.031930271520139136,0.02425036284152551,0.039866948351847724,0.968069728479861,0.9601330516481522,0.9757496371584744,0.5610619469026549,0.4725663716814159,0.6469026548672566,0.47818796228704674,0.4026001154233624,0.5508548652597036,0.9044864862514669,0.890046391520994,0.9188743893710439,0.9018155694715703,0.8998057776692777,0.9038079831463933,1.220775713352446,1.1411715717969309,1.308678395033657
tabpfn26,TFM,113,0.893861035226703,0.8747844237858329,0.9121209060993445,0.032115233966229485,0.024547725848460215,0.039966101686982204,0.9678847660337706,0.9600338983130178,0.9754522741515399,0.5690265486725663,0.4805088495575221,0.6548672566371682,0.48452102368626404,0.4086037495641712,0.5587972884986686,0.9040634065006564,0.8882885482909818,0.918975481815706,0.9018892365046345,0.8998152713483277,0.904064397163658,1.2234739255237048,1.1433095725197664,1.3122325864965492
tabpfn25,TFM,113,0.8934948950249457,0.8743335325161068,0.9117729341086672,0.031592010243688705,0.024053554924907197,0.03944184579717284,0.9684079897563114,0.9605581542028271,0.9759464450750929,0.5725663716814158,0.48493362831858405,0.6566592920353983,0.48756469878311776,0.4122043632239775,0.5610272542691191,0.9039891669539959,0.8888936016509591,0.9189155358037374,0.9022544130329563,0.9001537166504618,0.9043561851039569,1.225842347614307,1.1447818398789644,1.3151455726405048
tabpfn25b,TFM,113,0.8925472949033502,0.8735423543173196,0.910863653186824,0.03150076876663696,0.023990956734149475,0.03933171195235977,0.9684992312333631,0.9606682880476402,0.9760090432658505,0.5778761061946903,0.488495575221239,0.6628539823008851,0.4918394869237215,0.4156064449030064,0.5659655057042242,0.9034288847567521,0.888177187115394,0.918413096702914,0.9021059858632169,0.9000593856441355,0.9041877370390293,1.2276112052333992,1.1466914169537545,1.31807813177843
tabicl,TFM,113,0.8911648169428983,0.8718845749086789,0.9097420513626472,0.031017954605395734,0.02339992690442518,0.03871948872605035,0.9689820453946043,0.9612805112739496,0.9766000730955748,0.588495575221239,0.4982300884955752,0.6752212389380531,0.5018699607389008,0.4244575377125078,0.5769213286921779,0.9033182841315323,0.8883388530606368,0.9177452961098839,0.9020704067432886,0.9000747612925118,0.904172487944908,1.2342340333389017,1.1525011837955277,1.325737050164823
PFN-v2,TFM,113,0.8899424980421257,0.8710672899929819,0.9084006549810604,0.031240932084230292,0.023592022486043245,0.039200031415824114,0.9687590679157697,0.9607999685841758,0.9764079775139567,0.584070796460177,0.4946902654867257,0.6690265486725663,0.49663415498741154,0.4194300543231786,0.5693207228679323,0.9016177389209586,0.8855925668049744,0.9169501929007663,0.9010585637512156,0.8990482089634506,0.9031410054873238,1.2336149066287332,1.151770367550198,1.323396582477186
mitra,TFM,113,0.878301855788957,0.8581746244319379,0.897977211001005,0.028137803949414703,0.02100971809349551,0.03549340425337229,0.9718621960505854,0.9645065957466278,0.9789902819065045,0.6088495575221239,0.5194690265486726,0.6964823008849559,0.5128844257843597,0.43645317928439126,0.5880206811804444,0.8927219600989623,0.8760501776422734,0.9085793613086102,0.9010793856751586,0.899205040276525,0.9029849677654433,1.2744430948475196,1.1830895623309432,1.3754411405452385
tabpfn,TFM,113,0.8750513586919992,0.8540813702251377,0.8951854821767663,0.027550685483899103,0.020581884746119126,0.034949510661475454,0.972449314516101,0.9650504893385246,0.9794181152538809,0.6185840707964603,0.5300884955752212,0.7061946902654869,0.5206801472131656,0.44563922140850504,0.5941313130461618,0.8916613154611788,0.8759094137925882,0.907836076954251,0.9022894465913572,0.9004346389851079,0.9040822140323128,1.2832729510661558,1.1909053162839658,1.3842341129323024
catboost,GBDT,113,0.8680618814618216,0.846103994881278,0.8898104918767396,0.027022703194176587,0.01983642707197948,0.03458597904206983,0.9729772968058235,0.9654140209579302,0.9801635729280206,0.6283185840707964,0.5433628318584071,0.7115044247787611,0.5255269684091602,0.4535428561695953,0.5942509533109889,0.8868076457199843,0.8694184801254834,0.9040737849171081,0.9023151569880887,0.9003322794660238,0.9042852127280866,1.2824696648501817,1.1926928597675877,1.3799077030635645
xgboost,GBDT,113,0.867512436620219,0.845292538721441,0.8890213673499626,0.025282478754367038,0.018346820637542526,0.03257332952924562,0.9747175212456329,0.9674266704707544,0.9816531793624574,0.6469026548672566,0.5610619469026549,0.7265707964601771,0.5453417753215829,0.47131110326316966,0.6133435041293638,0.8881999249486948,0.8703681925991523,0.9050735693004568,0.9034643266988537,0.900886249451217,0.9063879375448911,1.2875746662257643,1.1988720116794986,1.3847310875618744
lightgbm,GBDT,113,0.8672796540267912,0.8449293272675644,0.8885609180203377,0.026026655182175982,0.018915062692621932,0.033521933595739364,0.973973344817824,0.9664780664042607,0.9810849373073781,0.6345132743362832,0.5486725663716814,0.715929203539823,0.5324001746004372,0.4603590583974853,0.6019301472506516,0.8871606291207488,0.8693008711091026,0.9040329531247504,0.902146692621826,0.8999070581744762,0.9044734438695492,1.2901959468004867,1.200826075630393,1.388544160024384
tabm,deep,113,0.8569936698216792,0.8331151131380534,0.8803543305959539,0.024507300432948312,0.017787486518605598,0.0316886501877585,0.9754926995670518,0.9683113498122414,0.9822125134813943,0.6592920353982301,0.572566371681416,0.7389380530973452,0.5484885791499863,0.4745875408923897,0.6164583984377826,0.8801739130325719,0.8597361948825251,0.8991935372513832,0.9036329174235795,0.9013924767222946,0.9063408935147866,1.310371938404177,1.2152821449111986,1.4123522110650704
ftt,deep,113,0.8535571725502211,0.829804472219834,0.8770276564552293,0.025714862622709708,0.018715900684509127,0.03316336784172307,0.9742851373772904,0.9668366321582769,0.9812840993154909,0.6460176991150443,0.5592920353982301,0.7283185840707964,0.5340041388661791,0.4621449540647406,0.6026894032683341,0.8779420089694728,0.8581253210863082,0.8970806281081517,0.9023804934682841,0.9007126528166266,0.9040717607550273,1.3171673509772757,1.2196213335057726,1.4209186837799863
resnet,deep,113,0.8512855738925774,0.828615387319327,0.8736271318074589,0.023792884580385882,0.017368822225887103,0.030573874313112863,0.9762071154196141,0.9694261256868872,0.9826311777741129,0.6327433628318584,0.5460176991150444,0.7168141592920354,0.521975695844351,0.45025421709339924,0.5933803986354128,0.8760997909988295,0.8578007660753934,0.894067371292769,0.9024096852064869,0.9005026204050872,0.9043126424382611,1.338893194558405,1.2331112089323115,1.4569818130044254
mlp,deep,113,0.8496451972618977,0.8275192403711378,0.8717677589008995,0.021356461397123185,0.015352688717803651,0.027692146544141708,0.9786435386028768,0.9723078534558582,0.9846473112821963,0.6469026548672566,0.5601769911504425,0.7292256637168143,0.5317250158903609,0.4610413844307125,0.6007822657094558,0.8716196859856769,0.8523356432876873,0.890669941579825,0.9033186992900505,0.9012463805973919,0.90533059258061,1.3377608340060387,1.235732046050612,1.4512969148540367
LogReg,classic,113,0.8399885995172385,0.8163006975077649,0.8630477525597956,0.018587141124978352,0.012809935622272265,0.024751540818417305,0.9814128588750216,0.9752484591815828,0.9871900643777276,0.7017699115044248,0.6194690265486725,0.7814159292035397,0.5762459242674377,0.5077970370249247,0.6427547323950604,0.8644636306230019,0.8428158356442745,0.8841424371568041,0.9031264934148928,0.9008538318587483,0.9056066311842306,1.3601474174024903,1.2576336313639724,1.4723654722458848
knn,classic,113,0.8273979795468013,0.8049911483873895,0.8492929635167284,0.013605157208177527,0.008935681308607083,0.01867450962238391,0.9863948427918225,0.9813254903776161,0.9910643186913929,0.7407079646017698,0.6628318584070797,0.8150442477876105,0.622461256324125,0.556136287078848,0.6863517160862802,0.8697914374719443,0.8515693490465679,0.8875533956590067,0.9102568829561501,0.9069912281163919,0.9135066792775737,1.4536868957665274,1.3283482284596269,1.5937087160588912
