block,alpha,family,acc,lf_coverr,lftr_coverr,lac_coverr,pass_lf,pass_lf_phi,pass_lftr,pass_lac,lf_eps,lac_eps,lf_width,lf_width_fb,lac_width,lac_width_fb,tau_err
F1,0.05,TFM,0.8443937919721602,0.0106065947727007,0.0087943609034216,0.0094843279351948,0.9264125255275698,0.9264125255275698,0.9388019060585432,0.972566371681416,0.0104861565987672,0.009894764446351,1.3801887905684214,1.3906749471671884,1.4022599716061874,1.4121547360525388,0.0366610227727536
F1,0.05,GBDT,0.8245130652443954,0.0395551045031321,0.0384331765410136,0.01013372910445,0.5277286135693214,0.5277286135693214,0.5457227138643068,0.9581120943952802,0.0126894148257596,0.0080933583534489,1.4469827596367468,1.4596721744625067,1.4714739645663124,1.4795673229197617,0.1379591852824745
F1,0.05,deep,0.814417044698868,0.0274955965139261,0.026840608106091,0.0096502562334797,0.6694690265486726,0.6694690265486726,0.6800884955752212,0.9745575221238938,0.0094609383611384,0.0070550141481241,1.4428527706069485,1.452313708968087,1.5199576503735726,1.5270126645216968,0.101605341083712
F1,0.05,classic,0.795043819703396,0.0206064417007428,0.0203191005521053,0.0117709968420314,0.7601769911504425,0.7601769911504425,0.7548672566371681,0.9123893805309734,0.0050211647353636,0.004030933676525,1.5383912226442216,1.5434123873795853,1.652735287707228,1.6567662213837533,0.0743598685406739
F1,0.1,TFM,0.8443937919721602,0.0142124620133005,0.0113730766199176,0.0121201740145385,0.9312457454050374,0.9312457454050374,0.9492171545268888,0.9684819605173588,0.0336164221519016,0.0314887856280605,1.2153046558342495,1.2489210779861513,1.2303290376039795,1.2618178232320398,0.0283589490356039
F1,0.1,GBDT,0.8245130652443954,0.0462272504877362,0.0447491465314898,0.0134479615021234,0.5867256637168141,0.5867256637168141,0.6020648967551622,0.955457227138643,0.0370299627532247,0.0261106123769065,1.2873869490647891,1.3244169118180142,1.286746759292144,1.3128573716690506,0.1170769443178408
F1,0.1,deep,0.814417044698868,0.0322821180412318,0.0311213239641889,0.0126537375658947,0.7176991150442478,0.7176991150442478,0.7269911504424779,0.9741150442477876,0.0308286782879071,0.0238427450243647,1.266662925558789,1.297491603846696,1.3260555290753666,1.3498982740997314,0.0815826543582808
F1,0.1,classic,0.795043819703396,0.026706492433392,0.0258258207505333,0.015387549171411,0.7756637168141592,0.7756637168141592,0.7800884955752212,0.931858407079646,0.0185348646584279,0.0160961491665779,1.3540740906974913,1.372608955355919,1.4069171565845089,1.4230133057510868,0.0553615914627209
F1,0.2,TFM,0.8443937919721602,0.0193610084975798,0.0124041093689749,0.0175970179973115,0.9306330837304287,0.9484002722940776,0.9621511232130702,0.9678012253233492,0.1088442393940478,0.1045916606925833,1.0026691170257729,1.111513356419821,1.0136142391940348,1.1182058998866182,0.0150649963458981
F1,0.2,GBDT,0.8245130652443954,0.0516354747983716,0.0484221611105492,0.0190923257351138,0.6817109144542773,0.7035398230088497,0.6958702064896755,0.9575221238938052,0.1116426103769597,0.0944926013365596,1.0746262216837683,1.1862688320607282,1.0584419582144962,1.152934559551056,0.069212274583664
F1,0.2,deep,0.814417044698868,0.0370342131482967,0.0339713483907582,0.018476943445329,0.7734513274336283,0.8030973451327434,0.7988938053097345,0.963274336283186,0.1010915569472526,0.0892471178912347,1.0441887383883208,1.1452802953355734,1.0871733869347722,1.176420504826007,0.0465057846678651
F1,0.2,classic,0.795043819703396,0.0375113527540603,0.0333469719666581,0.0242529884117464,0.7623893805309734,0.7889380530973452,0.79070796460177,0.8986725663716814,0.0758695800542152,0.0726380411691013,1.1173320373185742,1.1932016173727895,1.1345254086676515,1.2071634498367532,0.0351481275137432
D29,0.05,TFM,0.8168859574557445,0.008791869886537,0.0085418014779554,0.005259072853568,0.6063218390804598,0.6063218390804598,0.6201149425287357,0.90316091954023,0.0043115237674047,0.0040168448177239,1.376325737815643,1.3806372615830478,1.3931803926980242,1.397197237515748,0.0227978501618764
D29,0.05,GBDT,0.8055108786870496,0.0191278085378539,0.0190613544992678,0.0060424095768836,0.4310344827586207,0.4310344827586207,0.4402298850574713,0.8919540229885058,0.0045431784605684,0.002796042081203,1.3831372495380403,1.3876804279986088,1.4183722972441295,1.4211683393253327,0.0593727958993251
D29,0.05,deep,0.7964679637562915,0.0189955279238793,0.0190245056089442,0.0061501025539965,0.4818965517241379,0.4818965517241379,0.4844827586206897,0.8594827586206897,0.0045951847616876,0.0021892472042889,1.4046601915960568,1.4092553763577444,1.450496693975195,1.4526859411794844,0.0385977831764366
D29,0.05,classic,0.7643808455168954,0.015313762875215,0.0149703171850425,0.0065301385397484,0.5310344827586206,0.5310344827586206,0.5465517241379311,0.8206896551724139,0.0021293385754354,0.0016004367147658,1.5521085277628246,1.55423786633826,1.589259507941394,1.5908599446561598,0.041054452221805
D29,0.1,TFM,0.8168859574557445,0.0124050646530412,0.0119505542149709,0.0056955332079846,0.6416666666666667,0.6416666666666667,0.6635057471264368,0.9238505747126436,0.020874593060666,0.0165468008818338,1.219157281925046,1.2400318749857122,1.2351338377834895,1.2516806386653234,0.0191535806861416
D29,0.1,GBDT,0.8055108786870496,0.0249448630951258,0.0247214668920756,0.0079375655767574,0.4781609195402299,0.4781609195402299,0.4839080459770115,0.9126436781609196,0.0219966158419498,0.012472575395179,1.23211967481602,1.25411629065797,1.2632881175503017,1.2757606929454808,0.0514691443804892
D29,0.1,deep,0.7964679637562915,0.023086112569434,0.0231382206970343,0.0092767436657498,0.521551724137931,0.521551724137931,0.5344827586206896,0.8905172413793103,0.0155873084738075,0.0115477860371788,1.2532712948214555,1.2688586032952631,1.2892934749890694,1.3008412610262483,0.0360611129393434
D29,0.1,classic,0.7643808455168954,0.0190312588051387,0.0188303190683473,0.0077947419812355,0.5413793103448276,0.5413793103448276,0.5379310344827586,0.8706896551724138,0.0117406921632451,0.0108062194397165,1.376652494023808,1.388393186187053,1.3923099600327449,1.4031161794724614,0.0339148885479939
D29,0.2,TFM,0.8168859574557445,0.0174675697288489,0.016143926578792,0.0083512324321698,0.6433908045977011,0.6433908045977011,0.6718390804597701,0.9244252873563218,0.0812571304624449,0.0726468606476723,1.0030228888672463,1.0842800193296915,1.014340585316671,1.0869874459643434,0.0159913658410652
D29,0.2,GBDT,0.8055108786870496,0.029467915892417,0.0284303235893455,0.011956326719517,0.5747126436781609,0.5747126436781609,0.5862068965517242,0.8885057471264367,0.0809124669418369,0.0692880712802758,1.0282515085999455,1.1091639755417824,1.0465792392963855,1.1158673105766612,0.0287462749763524
D29,0.2,deep,0.7964679637562915,0.0274138650602185,0.026472409797771,0.0128448125078455,0.5939655172413794,0.5939655172413794,0.6017241379310345,0.8974137931034483,0.0712074423721848,0.056439670463596,1.0367490254290566,1.1079564678012417,1.0609069908724056,1.1173466613360017,0.0285970585013493
D29,0.2,classic,0.7643808455168954,0.0219838854290638,0.0217781367100871,0.0091071364650963,0.5689655172413793,0.5689655172413793,0.5620689655172414,0.8810344827586207,0.058017429080043,0.052466785712465,1.133322945278788,1.191340374358831,1.142535175371881,1.195001961084346,0.0204174835543207
DK10,0.05,TFM,0.8400999200795591,0.013836035034801,0.0109308128369434,0.0079956709013329,0.67,0.67,0.74,0.95,0.0169029545454545,0.0169896075779174,2.208297084859213,2.2252000394046676,2.166506990738019,2.183496598315936,0.0319641678035258
DK10,0.05,GBDT,0.7989240483314308,0.0403195789098657,0.040239529893238,0.0082981995439497,0.48,0.48,0.3999999999999999,0.9733333333333332,0.014896704896434,0.012603106060606,10.126204512035292,10.141101216931729,2.934617532445225,2.947220638505831,0.0632930297145331
DK10,0.05,deep,,,,,,,,,,,,,,,
DK10,0.05,classic,0.6941855339586585,0.0530053511882975,0.0514892610823419,0.0203772542184463,0.36,0.36,0.4,0.7,0.0078330681818181,0.0086718181818181,3.924659205579317,3.9324922737611354,12.4637541623735,12.47242598055532,0.0956343370252204
DK10,0.1,TFM,0.8400999200795591,0.0207706101648875,0.0177296713584088,0.009416936964665,0.6799999999999999,0.6799999999999999,0.7,0.97,0.038386252105877,0.0435169525529708,1.8070481979453097,1.8454344500511863,1.7942614217318629,1.8377783742848337,0.0430636214092373
DK10,0.1,GBDT,0.7989240483314308,0.0547863847633074,0.0542963144560774,0.009687062331166,0.4933333333333333,0.4933333333333333,0.52,0.9866666666666668,0.0397432358150283,0.0398110091470658,8.593016938076916,8.632760173891944,2.135872064034047,2.175683073181113,0.05154672722656
DK10,0.1,deep,,,,,,,,,,,,,,,
DK10,0.1,classic,0.6941855339586585,0.0549466358570875,0.0526505947485794,0.0228662677986323,0.48,0.48,0.53,0.8,0.021940909090909,0.0234493181818181,3.0360953070633885,3.058036216154297,5.251387862439135,5.274837180620953,0.061950982295922
DK10,0.2,TFM,0.8400999200795591,0.0281303041153477,0.0261075651270768,0.0170092959018644,0.63,0.67,0.61,0.9,0.1122569302792716,0.1312349675208967,1.357227746361655,1.4694846766409266,1.3559777496605705,1.487212717181467,0.030126863643527
DK10,0.2,GBDT,0.7989240483314308,0.0723989970452675,0.0713944257116388,0.0118101448952215,0.5733333333333334,0.6,0.5533333333333333,0.9933333333333332,0.103821001543726,0.1084941930711246,6.8705208021592235,6.9743418037029485,1.5312296818003357,1.63972387487146,0.0574560192256888
DK10,0.2,deep,,,,,,,,,,,,,,,
DK10,0.2,classic,0.6941855339586585,0.0705335913953126,0.0676793620972033,0.0349672543263357,0.41,0.42,0.43,0.77,0.0483517571923799,0.0617536016166655,2.136835288781911,2.185187045974291,4.269117357129348,4.330870958746013,0.069359616830569
