score,alpha,block,model,family,n_datasets,mean_residual,ci_lo,ci_hi,max_abs_dataset_residual,verdict
LAC,0.1,all,LogReg,classic,216,0.0003030811299735262,-0.0010584622033745085,0.0016664857449689757,0.04215686274509785,CERTIFIED
LAC,0.1,all,PFN-v2,TFM,207,3.6182781464170894e-05,-0.001387271752857272,0.0014500878470084537,0.042341337907375674,CERTIFIED
LAC,0.1,all,catboost,GBDT,215,0.00040944653134824594,-0.0008950311233965589,0.0017347716846428324,0.030099152960047847,CERTIFIED
LAC,0.1,all,exaone,TFM,156,0.0002457158812655971,-0.0015827945819325963,0.002168993863947155,0.03915951972555749,CERTIFIED
LAC,0.1,all,ftt,deep,208,0.00011256551389854948,-0.0010988663091350604,0.0013392115684415673,0.03669219528036379,CERTIFIED
LAC,0.1,all,knn,classic,216,8.024882375625499e-05,-0.0010563991699979668,0.0012831607825727752,0.035865955144232534,CERTIFIED
LAC,0.1,all,lightgbm,GBDT,216,0.00016321424083735598,-0.001142449875906771,0.0015024610465848652,0.03307629870129884,CERTIFIED
LAC,0.1,all,mitra,TFM,206,0.00011909082371460592,-0.0011911301832452238,0.0014366480666893097,0.03779588336192112,CERTIFIED
LAC,0.1,all,mitra@v2,TFM,206,0.00032638820708855707,-0.0010401971886460602,0.0017435484602851517,0.03209914411517332,CERTIFIED
LAC,0.1,all,mlp,deep,208,0.0006039554499139683,-0.0006854659789190595,0.0019245417914279931,0.03808506224066387,CERTIFIED
LAC,0.1,all,resnet,deep,207,0.0003444938920572664,-0.0009176250907838608,0.0016256061574236808,0.03358506224066388,CERTIFIED
LAC,0.1,all,tabfm,TFM,205,-2.6308165525154513e-05,-0.001489203888475644,0.001478016431866011,0.030576298701298833,CERTIFIED
LAC,0.1,all,tabicl,TFM,214,0.0004699771972625883,-0.0008997780696485926,0.0018927257886327585,0.03505208333333336,CERTIFIED
LAC,0.1,all,tabiclv2,TFM,216,5.873303352128167e-05,-0.001237378026659089,0.001388673924360948,0.026770833333333376,CERTIFIED
LAC,0.1,all,tabldm,TFM,207,0.00011141360151942514,-0.0012249289644196948,0.0015047338769454395,0.032864583333333384,CERTIFIED
LAC,0.1,all,tabm,deep,208,0.0005607653055427033,-0.0006949854231288768,0.0018365231472926105,0.03205509850617024,CERTIFIED
LAC,0.1,all,tabpfn,TFM,205,0.0002418642038366476,-0.0010522439748130203,0.0015317763670896368,0.03208506224066389,CERTIFIED
LAC,0.1,all,tabpfn25,TFM,207,0.0003415850748283336,-0.0010909465477312221,0.0017737998536757212,0.04325042881646657,CERTIFIED
LAC,0.1,all,tabpfn25b,TFM,207,0.00016947420255457012,-0.0012457128519671235,0.0015944406415479122,0.0459777015437393,CERTIFIED
LAC,0.1,all,tabpfn26,TFM,207,0.00023554838463192657,-0.0012061990458614124,0.001700386373626526,0.037200880407264734,CERTIFIED
LAC,0.1,all,tabpfn3,TFM,216,0.0006832848668816273,-0.0006742162364643452,0.002071584179690675,0.03273815869214418,CERTIFIED
LAC,0.1,all,xgboost,GBDT,216,0.0001483252957931123,-0.0012216166028671772,0.00152625653640198,0.03552315608919384,CERTIFIED
LAC,0.05,all,LogReg,classic,216,0.000349002701046103,-0.0006799172987445905,0.0014028334783515904,0.02458226331107697,CERTIFIED
LAC,0.05,all,PFN-v2,TFM,207,-2.244453209646829e-05,-0.001054306409628209,0.0010020798532992417,0.03139794168096066,CERTIFIED
LAC,0.05,all,catboost,GBDT,215,9.564877722969978e-05,-0.0008544407787314293,0.0010611455577264639,0.024124539943710922,CERTIFIED
LAC,0.05,all,exaone,TFM,156,-0.00015715267784128484,-0.0015294761052977485,0.0012739911956438034,0.026274509803921663,CERTIFIED
LAC,0.05,all,ftt,deep,208,3.7310636156616704e-05,-0.0009194107070139005,0.0009672753103403439,0.02916486252435605,CERTIFIED
LAC,0.05,all,knn,classic,216,0.00021641959035539088,-0.0005911433195134896,0.001020374829696599,0.02171539479231771,CERTIFIED
LAC,0.05,all,lightgbm,GBDT,216,0.0003004437915829983,-0.0007135909091562703,0.0013088590874444307,0.024930991556614122,CERTIFIED
LAC,0.05,all,mitra,TFM,206,0.00027740733392078487,-0.0007873576145779491,0.0013713888288050253,0.024836476486034875,CERTIFIED
LAC,0.05,all,mitra@v2,TFM,206,-0.00019386396003432492,-0.0012982221018417355,0.0008984876246975345,0.029769701234033486,CERTIFIED
LAC,0.05,all,mlp,deep,208,6.756373649778109e-05,-0.0008527822328699585,0.0009856077515308565,0.021906798008227046,CERTIFIED
LAC,0.05,all,resnet,deep,207,7.736881984192069e-05,-0.000834216936687894,0.0010032452874272108,0.02179253112033197,CERTIFIED
LAC,0.05,all,tabfm,TFM,205,-0.0005272805583175338,-0.0016558403847016713,0.0005953830827547374,0.03400357220177541,CERTIFIED
LAC,0.05,all,tabicl,TFM,214,0.0003420649573587673,-0.0006575177933433335,0.0013520900469420885,0.02372131413725932,CERTIFIED
LAC,0.05,all,tabiclv2,TFM,216,-6.989059566979247e-05,-0.001099209097587731,0.0010033858952853796,0.028560023814678627,CERTIFIED
LAC,0.05,all,tabldm,TFM,207,-0.00012754484285875103,-0.0011384662600070169,0.0009103783737794523,0.02714873349209802,CERTIFIED
LAC,0.05,all,tabm,deep,208,0.00031534414353426424,-0.00069242947817413,0.0012943772049956695,0.029971314137259297,CERTIFIED
LAC,0.05,all,tabpfn,TFM,205,9.844170875752359e-05,-0.0009376556885925776,0.0011327406574949315,0.027083194675540778,CERTIFIED
LAC,0.05,all,tabpfn25,TFM,207,0.00023174986024804636,-0.0008008553045816871,0.0012879095548416677,0.026745507685646396,CERTIFIED
LAC,0.05,all,tabpfn25b,TFM,207,0.00024220228923187785,-0.0008113708756800808,0.0013024489028207631,0.025483194675540798,CERTIFIED
LAC,0.05,all,tabpfn26,TFM,207,0.00016699938760585017,-0.0009521520763071921,0.0012798402001572406,0.028358410911452823,CERTIFIED
LAC,0.05,all,tabpfn3,TFM,216,0.00044636380525605516,-0.0006115191451227425,0.0015628335719781133,0.03158421736306575,CERTIFIED
LAC,0.05,all,xgboost,GBDT,216,8.938815024925765e-05,-0.0009408728725129323,0.0011234739273127778,0.028358410911452837,CERTIFIED
LAC,0.2,all,LogReg,classic,216,0.0009803035290258603,-0.0012363428409567258,0.0031896282962022883,0.06254901960784308,CERTIFIED
LAC,0.2,all,PFN-v2,TFM,207,0.0009369253600846454,-0.0011273606963400555,0.003016600261961743,0.05104631217838769,CERTIFIED
LAC,0.2,all,catboost,GBDT,215,0.000529059067379599,-0.0012500963244054415,0.002300948787212778,0.04150085763293315,CERTIFIED
LAC,0.2,all,exaone,TFM,156,-0.0004703646115503716,-0.0031083247386364797,0.0021779448351469995,0.039682675814751336,CERTIFIED
LAC,0.2,all,ftt,deep,208,0.0009850141647968827,-0.0007526878190477352,0.002754031105390608,0.05117012448132775,CERTIFIED
LAC,0.2,all,knn,classic,216,0.000492885939355796,-0.00118684182529788,0.002216714027641617,0.03964266727424617,CERTIFIED
LAC,0.2,all,lightgbm,GBDT,216,0.0009400816521422954,-0.0008559917904191728,0.0027656705152746134,0.050215097402597365,CERTIFIED
LAC,0.2,all,mitra,TFM,206,0.0010120600598518383,-0.0008878630029163675,0.002936762123500521,0.05059176672384223,documented deviation
LAC,0.2,all,mitra@v2,TFM,206,-2.0152926205242577e-05,-0.001952980002916188,0.001962085508202376,0.053773584905660435,CERTIFIED
LAC,0.2,all,mlp,deep,208,0.0011500500059352945,-0.0005793325725184151,0.002947026296277998,0.04106137692141154,documented deviation
LAC,0.2,all,resnet,deep,207,0.0012015683120035156,-0.0005044922430507205,0.0029859526679448735,0.040170124481327764,documented deviation
LAC,0.2,all,tabfm,TFM,205,0.0004099203617398434,-0.0017020505264570792,0.002536674934129841,0.04621224460249383,CERTIFIED
LAC,0.2,all,tabicl,TFM,214,0.00018547451537653478,-0.0017849426867634958,0.0021441130011149085,0.043143215506002607,CERTIFIED
LAC,0.2,all,tabiclv2,TFM,216,0.0002330967885033267,-0.0017412703489243751,0.002196264675609803,0.043773584905660426,CERTIFIED
LAC,0.2,all,tabldm,TFM,207,0.00024290528018142628,-0.0017379172246002467,0.0022530995935387873,0.044778092890198816,CERTIFIED
LAC,0.2,all,tabm,deep,208,0.0005733157621136297,-0.0012207523216769588,0.0024189101045212972,0.038521105375038,CERTIFIED
LAC,0.2,all,tabpfn,TFM,205,0.0009459048449062622,-0.0011300535965190423,0.0029651674723290555,0.0423714990083227,CERTIFIED
LAC,0.2,all,tabpfn25,TFM,207,0.0004661010519928117,-0.0016117911302184404,0.002535442818097031,0.058319039451114975,CERTIFIED
LAC,0.2,all,tabpfn25b,TFM,207,0.000854204928944575,-0.0012227380325614088,0.0029607284522271387,0.05559176672384224,CERTIFIED
LAC,0.2,all,tabpfn26,TFM,207,0.0003231376874215707,-0.0016913917408863909,0.002381049953085572,0.0510463121783877,CERTIFIED
LAC,0.2,all,tabpfn3,TFM,216,0.0006056085680721553,-0.0013435540270709469,0.0024882346995023785,0.04804914308154051,CERTIFIED
LAC,0.2,all,xgboost,GBDT,216,0.0003881864348334763,-0.001518308347867305,0.0023015927852219654,0.05740994854202406,CERTIFIED
APS,0.1,all,LogReg,classic,216,0.08051623959236263,0.07798190349448547,0.08294003699844438,0.09996213555471412,FALSIFIER FIRES
APS,0.1,all,PFN-v2,TFM,207,0.08339159601061685,0.08144273723462826,0.08530692669149642,0.09994693083318595,FALSIFIER FIRES
APS,0.1,all,catboost,GBDT,215,0.07509701510751819,0.07254606555749915,0.07759998953969993,0.09993991588223516,FALSIFIER FIRES
APS,0.1,all,exaone,TFM,156,0.08196966653050591,0.07959052696220177,0.08426903437204585,0.0997920997920998,FALSIFIER FIRES
APS,0.1,all,ftt,deep,208,0.07791780976585573,0.07536016314107177,0.0804141160742232,0.09993991588223516,FALSIFIER FIRES
APS,0.1,all,knn,classic,216,0.06594816677767863,0.05738486249424268,0.07334249175110154,0.385605174966877,FALSIFIER FIRES
APS,0.1,all,lightgbm,GBDT,216,0.07525738112160053,0.07240332819794186,0.07812326008833356,0.09996213555471412,FALSIFIER FIRES
APS,0.1,all,mitra,TFM,206,0.08466044048105911,0.08263283184483544,0.08660196143854912,0.09996479005331328,FALSIFIER FIRES
APS,0.1,all,mitra@v2,TFM,206,0.08395064659982267,0.08195016835596704,0.08584942175888219,0.09994693083318595,FALSIFIER FIRES
APS,0.1,all,mlp,deep,208,0.07505419877043037,0.07256714006561488,0.07752469127067109,0.09989183895915821,FALSIFIER FIRES
APS,0.1,all,resnet,deep,207,0.07507997995153905,0.07236421931080882,0.07766314306329669,0.09993991588223516,FALSIFIER FIRES
APS,0.1,all,tabfm,TFM,205,0.0821280566809911,0.07990494253092123,0.08430131384671768,0.09995833384938166,FALSIFIER FIRES
APS,0.1,all,tabicl,TFM,214,0.08186454546804582,0.07983183251684561,0.08383410201784504,0.09994693083318595,FALSIFIER FIRES
APS,0.1,all,tabiclv2,TFM,216,0.0818712398453328,0.07978777509239185,0.08392190936648891,0.09994693083318595,FALSIFIER FIRES
APS,0.1,all,tabldm,TFM,207,0.08384334756897048,0.08182775208220525,0.08578350592533941,0.09996213555471412,FALSIFIER FIRES
APS,0.1,all,tabm,deep,208,0.08161071345226587,0.07934445252017304,0.08380257283819126,0.09996213555471412,FALSIFIER FIRES
APS,0.1,all,tabpfn,TFM,205,0.08057534963802024,0.0785099868873243,0.08264315563939569,0.09994693083318595,FALSIFIER FIRES
APS,0.1,all,tabpfn25,TFM,207,0.08315347107195885,0.08117384114106208,0.08506848646971792,0.09994693083318595,FALSIFIER FIRES
APS,0.1,all,tabpfn25b,TFM,207,0.083089360989012,0.0811118293177921,0.0849946839407801,0.09994693083318595,FALSIFIER FIRES
APS,0.1,all,tabpfn26,TFM,207,0.08324111864730027,0.08128442806846777,0.08513733195833352,0.09994693083318595,FALSIFIER FIRES
APS,0.1,all,tabpfn3,TFM,216,0.0820808614379699,0.07996058591062398,0.08417576006551922,0.09994693083318595,FALSIFIER FIRES
APS,0.1,all,xgboost,GBDT,216,0.07411747373298286,0.07131625700304674,0.07690098530715576,0.09993991588223516,FALSIFIER FIRES
APS,0.1,multiclass,LogReg,classic,62,0.06642131240836972,0.06013755285652843,0.07252981459752939,0.09919702704562658,FALSIFIER FIRES
APS,0.1,multiclass,PFN-v2,TFM,53,0.0791123343917642,0.07372014748703264,0.08424981795846499,0.0998979890217955,FALSIFIER FIRES
APS,0.1,multiclass,catboost,GBDT,61,0.06830908860105221,0.061774418993235373,0.07442048783765787,0.09992385109076099,FALSIFIER FIRES
APS,0.1,multiclass,exaone,TFM,39,0.07862951510171176,0.072068732956295,0.08460190133419251,0.09961685823754785,FALSIFIER FIRES
APS,0.1,multiclass,ftt,deep,56,0.06842859307188645,0.061868076268860574,0.07456757159609531,0.0981061179547175,FALSIFIER FIRES
APS,0.1,multiclass,knn,classic,62,0.030113549678972333,0.004288274003344876,0.05162123277432168,0.385605174966877,FALSIFIER FIRES
APS,0.1,multiclass,lightgbm,GBDT,62,0.06246295136848469,0.05501505127170763,0.06943184109636381,0.09980316143558857,FALSIFIER FIRES
APS,0.1,multiclass,mitra,TFM,52,0.07766449981065361,0.07167266709939331,0.08316412661397925,0.09983214725777657,FALSIFIER FIRES
APS,0.1,multiclass,mitra@v2,TFM,52,0.08016459806963906,0.0747772026580537,0.08509224876962085,0.09992372234935165,FALSIFIER FIRES
APS,0.1,multiclass,mlp,deep,57,0.06410168703233406,0.05810412267514744,0.06998529129368351,0.09874248159108112,FALSIFIER FIRES
APS,0.1,multiclass,resnet,deep,56,0.06463989898193406,0.057348555192391196,0.07107601009145449,0.09974248159108115,FALSIFIER FIRES
APS,0.1,multiclass,tabfm,TFM,53,0.08058069874514734,0.07558742751732497,0.08537347267822992,0.09995833384938166,FALSIFIER FIRES
APS,0.1,multiclass,tabicl,TFM,60,0.07611424027040682,0.0707721640748901,0.08095832806790144,0.09981178212524372,FALSIFIER FIRES
APS,0.1,multiclass,tabiclv2,TFM,62,0.07776143499018959,0.07274637842637267,0.08256538969425715,0.0999242997728993,FALSIFIER FIRES
APS,0.1,multiclass,tabldm,TFM,53,0.08049482582022134,0.0754214552334674,0.0853824743665128,0.09991523040110586,FALSIFIER FIRES
APS,0.1,multiclass,tabm,deep,56,0.07263417553414257,0.06622024702200029,0.07874982203345365,0.09956066340926299,FALSIFIER FIRES
APS,0.1,multiclass,tabpfn,TFM,51,0.07390533267356014,0.0686441887413234,0.07902834332922395,0.09961685823754785,FALSIFIER FIRES
APS,0.1,multiclass,tabpfn25,TFM,53,0.07942127432563345,0.07431177709091703,0.08437914448905405,0.09990660971145067,FALSIFIER FIRES
APS,0.1,multiclass,tabpfn25b,TFM,53,0.07957195594028964,0.07443380405484597,0.08451641992181563,0.09990660971145068,FALSIFIER FIRES
APS,0.1,multiclass,tabpfn26,TFM,53,0.0796660935104528,0.0745607934586294,0.08463000158829996,0.09968247178041609,FALSIFIER FIRES
APS,0.1,multiclass,tabpfn3,TFM,62,0.07907801630194262,0.07425070085911853,0.08373177319054172,0.0999242997728993,FALSIFIER FIRES
APS,0.1,multiclass,xgboost,GBDT,62,0.06485777612513241,0.058167628981552484,0.07127182319699259,0.09992385109076099,FALSIFIER FIRES
LAC,0.1,F1,LogReg,classic,113,0.0010302540472613365,-0.0009579198171048895,0.0030060855994670384,0.04215686274509785,documented deviation
LAC,0.1,F1,PFN-v2,TFM,113,0.00013036388720474713,-0.0019597966707503066,0.0021742186699329597,0.042341337907375674,CERTIFIED
LAC,0.1,F1,catboost,GBDT,113,0.0013002446831529388,-0.0006746545183945605,0.003275292251590899,0.028208854923656344,documented deviation
LAC,0.1,F1,exaone,TFM,113,0.0008871086091233746,-0.0013017858541736684,0.0029900430977121495,0.03915951972555749,CERTIFIED
LAC,0.1,F1,ftt,deep,113,0.00127369707497733,-0.0004046834319463729,0.002935786129716596,0.029086845466155864,documented deviation
LAC,0.1,F1,knn,classic,113,0.001339346696720846,-0.00046132044328015323,0.0031122879084839517,0.035865955144232534,documented deviation
LAC,0.1,F1,lightgbm,GBDT,113,0.00032684293105354815,-0.001761248306289185,0.0023674647882102663,0.03186462324393363,CERTIFIED
LAC,0.1,F1,mitra,TFM,113,0.00010560349343391612,-0.0017640394100286927,0.0018913545183895488,0.03779588336192112,CERTIFIED
LAC,0.1,F1,mitra@v2,TFM,113,0.0008745889200295768,-0.0010888908167398358,0.002777626974962412,0.03075140372525681,CERTIFIED
LAC,0.1,F1,mlp,deep,113,0.0017614296426217157,-1.828098883970803e-05,0.0035433563208735405,0.03808506224066387,documented deviation
LAC,0.1,F1,resnet,deep,113,0.0012177818800728321,-0.0005768670321823723,0.002999699927229124,0.03358506224066388,documented deviation
LAC,0.1,F1,tabfm,TFM,113,0.001042188001990191,-0.0011054968704466987,0.0031543864893792406,0.030576298701298833,documented deviation
LAC,0.1,F1,tabicl,TFM,113,0.0011334166952237951,-0.0009020328696912472,0.003170986007589523,0.03505208333333336,documented deviation
LAC,0.1,F1,tabiclv2,TFM,113,0.0006492323737863042,-0.001348531432809595,0.0026581584653664592,0.026770833333333376,CERTIFIED
LAC,0.1,F1,tabldm,TFM,113,0.0006696096716647102,-0.0013093896839180307,0.002685757124832667,0.032864583333333384,CERTIFIED
LAC,0.1,F1,tabm,deep,113,0.0015227589421961483,-0.0001988590426782228,0.0032083424134942127,0.025611452326253715,documented deviation
LAC,0.1,F1,tabpfn,TFM,113,0.0013651344378161538,-0.0003838515305037305,0.003130280181737796,0.03208506224066389,documented deviation
LAC,0.1,F1,tabpfn25,TFM,113,0.0013270373866831006,-0.000770786924266809,0.0033713284559495215,0.04325042881646657,documented deviation
LAC,0.1,F1,tabpfn25b,TFM,113,0.0011811159663112749,-0.0009097742653717221,0.0032010343858932255,0.0459777015437393,documented deviation
LAC,0.1,F1,tabpfn26,TFM,113,0.000958000951276956,-0.001155968637204757,0.0030079607060306073,0.03461406518010294,CERTIFIED
LAC,0.1,F1,tabpfn3,TFM,113,0.0020781872488363656,6.341329092845899e-05,0.00410050463747981,0.03273815869214418,FALSIFIER FIRES
LAC,0.1,F1,xgboost,GBDT,113,0.0007053861135470046,-0.0013490378771823504,0.002686961452212842,0.03552315608919384,CERTIFIED
