scope,metric,n_rows,n_datasets,zero_diff_share,med_se_ratio,med_se_ratio_q25,med_se_ratio_q75,sep_point_t2,sep_point_t39,sep_seed_t2,sep_seed_t39,sep_combined_t2,sep_combined_t39,sep_seed_minus_point_t2
"all pairs (113 datasets, 231 pairs)",accuracy,26103,113,0.014481094127111826,0.47358027839276035,0.3439178840699517,0.6525211074902397,0.4854614412136536,0.22936060989158336,0.6875838026280504,0.4840822893920239,0.42412749492395513,0.1898632341110217,0.20212236141439682
"all pairs (113 datasets, 231 pairs)",brier,26103,113,0.0,0.4386039187938006,0.2606993751460358,0.8591409998635353,0.6728345400911773,0.44075393632915755,0.8117457763475463,0.624640845879784,0.5931502126192392,0.29655595142320806,0.13891123625636903
"all pairs (113 datasets, 231 pairs)",coverage,26103,113,0.0023752059150289237,0.598283477787205,0.4616471623689254,0.7747605806475049,0.11316706891928131,0.01225912730337509,0.33846684289162166,0.08815078726583152,0.058882120829023485,0.006704210244033253,0.22529977397234036
"all pairs (113 datasets, 231 pairs)",eps,26103,113,0.5171819331111367,0.7326863967078323,0.522259868039056,1.1187416251880928,0.20572348005976324,0.11489100869631844,0.2354901735432709,0.12044592575566027,0.1401371489867065,0.06834463471631613,0.02976669348350766
"all pairs (113 datasets, 231 pairs)",width,26103,113,0.000727885683637896,0.9740560843787228,0.6744289763495995,1.4214896585530736,0.5988200589970502,0.41313259012374054,0.6094318660690342,0.3703405738803969,0.46845190208022064,0.2617706776998812,0.010611807071984058
"all pairs (113 datasets, 231 pairs)",width_fb,26103,113,0.30092326552503545,1.2451199977818124,0.9160780854579034,1.8597187373183428,0.5160326399264452,0.37696816457878407,0.4406390070106884,0.2754855763705321,0.3822166034555415,0.21334712485154964,-0.07539363291575679
"all pairs, median over datasets",accuracy,26103,113,0.014481094127111826,0.4607041473908073,0.4205431826761776,0.5226029381362873,0.4854614412136536,0.22936060989158336,0.6875838026280504,0.4840822893920239,0.42412749492395513,0.1898632341110217,0.20212236141439682
"all pairs, median over datasets",brier,26103,113,0.0,0.44730702262752736,0.3664501158811208,0.6340596155514954,0.6728345400911773,0.44075393632915755,0.8117457763475463,0.624640845879784,0.5931502126192392,0.29655595142320806,0.13891123625636903
"all pairs, median over datasets",coverage,26103,113,0.0023752059150289237,0.59284652792592,0.5342919413429092,0.6694387099874916,0.11316706891928131,0.01225912730337509,0.33846684289162166,0.08815078726583152,0.058882120829023485,0.006704210244033253,0.22529977397234036
"all pairs, median over datasets",eps,26103,113,0.5171819331111367,0.7091107902062015,0.5966134011270636,1.079786974551791,0.20572348005976324,0.11489100869631844,0.2354901735432709,0.12044592575566027,0.1401371489867065,0.06834463471631613,0.02976669348350766
"all pairs, median over datasets",width,26103,113,0.000727885683637896,1.0207865072485558,0.7267551181176112,1.196794816833931,0.5988200589970502,0.41313259012374054,0.6094318660690342,0.3703405738803969,0.46845190208022064,0.2617706776998812,0.010611807071984058
"all pairs, median over datasets",width_fb,26103,113,0.30092326552503545,1.185947158613859,1.0632094854330227,1.7755620335581228,0.5160326399264452,0.37696816457878407,0.4406390070106884,0.2754855763705321,0.3822166034555415,0.21334712485154964,-0.07539363291575679
knn excluded (190 pairs),accuracy,23730,113,0.01571849978929625,0.48271495651157253,0.3505438868994364,0.6612866469751483,0.46582385166455964,0.2091866835229667,0.6742941424357354,0.4612726506531816,0.4015170670037927,0.1698693636746734,0.20847029077117574
knn excluded (190 pairs),brier,23730,113,0.0,0.43920074608270543,0.2608868070189914,0.8750883566176775,0.6617361989043405,0.42545301306363253,0.8077960387694901,0.6134850400337126,0.580362410450906,0.27488411293721027,0.1460598398651496
knn excluded (190 pairs),coverage,23730,113,0.002486304256215761,0.5962062209744616,0.4631827401030826,0.7657264181465597,0.10501474926253687,0.008048883270122207,0.3334597555836494,0.08478718921196797,0.05297092288242731,0.0046776232616940585,0.2284450063211125
knn excluded (190 pairs),eps,23730,113,0.5156342182890855,0.7238207832213344,0.5197276078096749,1.1057355913888873,0.19013906447534767,0.10400337126000843,0.2260008428150021,0.11053518752633797,0.12743362831858407,0.05908133164770333,0.035861778339654427
knn excluded (190 pairs),width,23730,113,0.0008006742520016856,0.9622980426108988,0.6652672769664374,1.395964829283602,0.5724399494310999,0.38550358196375895,0.590307627475769,0.3497260851243152,0.44348925410872314,0.2402022756005057,0.017867678044669155
knn excluded (190 pairs),width_fb,23730,113,0.31171512852928784,1.2358692705553627,0.9106491903169234,1.7895721321204536,0.49363674673409186,0.34951538137378846,0.41955330804888324,0.2550779603876949,0.359039190897598,0.19216182048040456,-0.07408343868520861
empty-free control (51 datasets / 33 strict units),accuracy,11781,51,0.007809184279772515,0.4751625712096943,0.34810020071074704,0.6435783563585429,0.4275528393175452,0.18334606569900688,0.6460402342755284,0.4261947203123674,0.364654952890247,0.14158390628978865,0.2184873949579832
empty-free control (51 datasets / 33 strict units),brier,11781,51,0.0,0.4903212558748569,0.26079327708937244,1.0398552526905784,0.6608946608946609,0.4430863254392666,0.802818096935744,0.5828028180969358,0.5775401069518716,0.27400050929462694,0.14192343604108315
empty-free control (51 datasets / 33 strict units),coverage,11781,51,0.0028011204481792717,0.6128144301419167,0.4749192558976408,0.8003927714293263,0.10432051608522197,0.004583651642475172,0.34547152194211017,0.08012902130549189,0.04965622612681436,8.48824378236143e-05,0.2411510058568882
empty-free control (51 datasets / 33 strict units),eps,11781,51,1.0,,,,0.0,0.0,0.0,0.0,0.0,0.0,0.0
empty-free control (51 datasets / 33 strict units),width,11781,51,0.00042441218911807145,1.1045204457883768,0.8342668944877263,1.492090315813373,0.6923011628893981,0.47771836007130125,0.6462948815889993,0.405143875732111,0.5435022493846023,0.29530600118835415,-0.046006281300398855
empty-free control (51 datasets / 33 strict units),width_fb,11781,51,0.00042441218911807145,1.1045204457883768,0.8342668944877263,1.492090315813373,0.6923011628893981,0.47771836007130125,0.6462948815889993,0.405143875732111,0.5435022493846023,0.29530600118835415,-0.046006281300398855
76 strict units (collapse),accuracy,17556,76,0.02113237639553429,0.4836296509165955,0.3546759349095472,0.663647838165241,0.48946229209387104,0.23365231259968103,0.6874003189792663,0.48769651401230346,0.4294827979038505,0.1964570517202096,0.1979380268853953
76 strict units (collapse),brier,17556,76,0.0,0.4615594445608987,0.2722871510709765,0.8895089227795945,0.6754385964912281,0.4514695830485304,0.8057644110275689,0.6116427432216905,0.5910230120756437,0.30069491911597174,0.13032581453634084
76 strict units (collapse),coverage,17556,76,0.002563226247436774,0.607405501359761,0.4745895927031491,0.7728193976977396,0.10201640464798359,0.017316017316017316,0.2921508316245158,0.07974481658692185,0.056504898610161766,0.009968102073365232,0.19013442697653224
76 strict units (collapse),eps,17556,76,0.455684666210982,0.7586211352424089,0.5379333018860692,1.2008042432188388,0.23291182501708818,0.1255980861244019,0.2544429254955571,0.12462975620870358,0.15208475734791524,0.07040328092959672,0.0215311004784689
76 strict units (collapse),width,17556,76,0.0006265664160401002,1.0015176240511008,0.6905705920374573,1.4695322888247646,0.6025860104807473,0.4252107541581226,0.6119275461380724,0.373319662793347,0.47590567327409433,0.2699362041467305,0.009341535657325095
76 strict units (collapse),width_fb,17556,76,0.30217589428115743,1.2999075237559992,0.9609609241063541,1.9194526378947163,0.5230120756436546,0.3951355661881978,0.4473684210526316,0.28354978354978355,0.39598997493734334,0.22362724994303942,-0.07564365459102301
