dataset,auc_GBDT,auc_TFM,auc_classic,auc_deep,commit_pt_GBDT,commit_pt_TFM,commit_pt_classic,commit_pt_deep,sscsp_GBDT,sscsp_TFM,sscsp_classic,sscsp_deep,n,K,p
BLE_RSSI_dataset_for_Indoor_localization,0.901007325860902,0.9035272418709982,0.9015891231078639,0.8960642459333141,1.0,1.0,1.0,1.0,0.8652074482243863,0.868635305488863,0.8655748351279688,0.8606117230589384,9984,3,3
Bank_Customer_Churn_Dataset,0.865297166709596,0.8793992522806082,0.7916212051805271,0.8618052374408307,1.0,1.0,1.0,1.0,0.8940465164522887,0.8967842070466037,0.8782985114827006,0.893882570549675,10000,2,10
Basketball_c,0.7016379242460036,0.7366802049828272,0.7272752775809119,0.7282039924403496,1.0,1.0,1.0,1.0,0.7848726623736724,0.788310936794281,0.7862883583280313,0.7837394978500987,1340,2,11
Contaminant-detection-in-packaged-cocoa-hazelnut-spread-jars-using-Microwaves-Sensing-and-Machine-Learning-10.0GHz(Urbinati),0.9623815234519837,0.9872491871310003,0.9316375834260289,0.9597586728309233,0.9826388888888888,0.9237660256410257,1.0,0.9780729166666667,0.9138725944963809,0.9769006652441661,0.890912386506598,0.9222466558412056,2400,2,30
Contaminant-detection-in-packaged-cocoa-hazelnut-spread-jars-using-Microwaves-Sensing-and-Machine-Learning-10.5GHz(Urbinati),0.9695610863922878,0.9924268818986909,0.9337875417130144,0.9624515520717463,0.9947222222222224,0.9345673076923078,0.999375,0.9897916666666666,0.9179982731959435,0.9814791809449812,0.8991124197617513,0.9185743376816949,2400,2,30
Contaminant-detection-in-packaged-cocoa-hazelnut-spread-jars-using-Microwaves-Sensing-and-Machine-Learning-11.0GHz(Urbinati),0.9620304389136077,0.9847964084024985,0.924003667269188,0.9597956062291435,0.9916666666666667,0.9284134615384616,1.0,0.98453125,0.9057289471610083,0.9678017455604448,0.8813070336996094,0.9150252629855943,2400,2,30
Contaminant-detection-in-packaged-cocoa-hazelnut-spread-jars-using-Microwaves-Sensing-and-Machine-Learning-9.0GHz(Urbinati),0.9633574341861327,0.9892018107726533,0.9272273011679644,0.9590371680339267,0.9955555555555554,0.9255929487179487,1.0,0.9847916666666667,0.9123483836247507,0.9709065369373295,0.8857818762376923,0.9083880365496776,2400,2,30
Contaminant-detection-in-packaged-cocoa-hazelnut-spread-jars-using-Microwaves-Sensing-and-Machine-Learning-9.5GHz(Urbinati),0.9462794308490916,0.9847824372165654,0.9206257821190211,0.9452053931451613,0.9932638888888888,0.9459935897435898,1.0,0.9938541666666667,0.8936101893692804,0.9585675205516316,0.8892720536400947,0.9009195123232507,2400,2,30
Customer_Personality_Analysis,0.8732753555059348,0.8992885361201263,0.854854663689427,0.8548938378971285,1.0,0.9999313186813187,1.0,1.0,0.9021595681164021,0.9071167522242634,0.8960761570878248,0.9044513337866165,2240,2,24
Diabetic_Retinopathy_Debrecen,0.7717517314062029,0.8360783939035972,0.7501674947305028,0.794359756097561,1.0,1.0,1.0,1.0,0.8213429484611013,0.8443682434387862,0.773313706921892,0.8379770306818326,1151,2,19
Employee,0.8578275879705402,0.8713034472176759,0.7587397708674304,0.8600302398731587,1.0,1.0,1.0,1.0,0.8796839608181565,0.8880257349471339,0.8216672288837925,0.884443496745994,4653,2,8
FICO-HELOC-cleaned,0.8115834083192607,0.8215858607041187,0.8033895693547923,0.8098058480805657,1.0,1.0,1.0,1.0,0.8370377987073193,0.847880298132793,0.8305570840892622,0.8349876942467067,9871,2,23
FOREX_audcad-day-High,0.7146230618428088,0.8251646262606875,0.7248284619497416,0.7552991148339571,1.0,1.0,1.0,1.0,0.7611298041083986,0.851370306371633,0.794031539722962,0.7823757152821773,1834,2,10
FOREX_audchf-day-High,0.687419552862433,0.8303330454373049,0.6724083645220698,0.6554572862828967,1.0,1.0,1.0,1.0,0.7413914845363626,0.8529800370510994,0.7116766908344128,0.6997705486694545,1833,2,10
FOREX_audjpy-day-High,0.6859525791173732,0.8475821203349293,0.7137595862314963,0.7533232269187324,1.0,1.0,1.0,1.0,0.745991962660884,0.8662855829997054,0.7587295385181337,0.7829731150826299,1832,2,10
FOREX_cadjpy-day-High,0.6241045972915181,0.7882708984410696,0.6554355250653362,0.6948510631979092,1.0,1.0,1.0,1.0,0.6592404154659378,0.8141619087526552,0.7057820672033904,0.7241296613668198,1834,2,10
Firm-Teacher_Clave-Direction_Classification,0.9533841738548526,0.9580730101072702,0.9095912301710571,0.9521883377176176,0.9983950617283952,0.996923076923077,1.0,0.9990972222222223,0.8753641152380784,0.8965530375564325,0.6799819393608098,0.8578417888251445,10800,4,16
GAMETES_Epistasis_2-Way_20atts_0.1H_EDM-1_1,0.64685546875,0.711905048076923,0.5193974609375,0.52991796875,1.0,1.0,1.0,1.0,0.6895429151963226,0.7899613850195624,0.5518858664470823,0.5297524701020229,1600,2,20
GAMETES_Heterogeneity_20atts_1600_Het_0.4_0.2_50_EDM-2_001,0.71892578125,0.7357938701923076,0.54694921875,0.601923828125,1.0,1.0,1.0,1.0,0.7693244451581392,0.7704267221169397,0.5569000674848326,0.6242912581968905,1600,2,20
Gender_Gap_in_Spanish_WP,0.6521160637232305,0.6920346550742115,0.6269035149945845,0.6407316960028799,1.0,1.0,1.0,1.0,0.7256601292069141,0.7770328112316087,0.7050654556264919,0.7302392030674234,4746,3,13
GesturePhaseSegmentationProcessed,0.8874540730622829,0.9226113178596146,0.7867300504847621,0.8109360006294581,1.0,0.9999844206426485,1.0,1.0,0.883262861270225,0.8703499817107503,0.8216241565553826,0.8084181055809457,9873,5,32
Heart-Disease-Dataset-(Comprehensive),0.9529238305866685,0.9636501830195202,0.9328190768352713,0.9222319326532068,0.9941176470588236,0.9915319974143504,0.9960084033613446,1.0,0.9285120980766676,0.9288564143257817,0.9073222337858815,0.906701464772712,1190,2,11
Is-this-a-good-customer,0.7252459016393442,0.730312736443884,0.6831188524590164,0.6625061475409836,1.0,1.0,1.0,1.0,0.9020143954441072,0.8966737967422852,0.8945761866913899,0.8914347695031571,1723,2,13
JapaneseVowels,0.9995855030173635,0.9998244327322442,0.9953056882628536,0.9995223823319733,0.8988626860679044,0.9032884325909917,0.9439287506271952,0.9037882589061716,0.9978270238392914,0.9990010179802252,0.9771022277822293,0.997585107438963,9961,9,14
KDD,0.8983247195591852,0.9001275526461939,0.8294123564918925,0.8737242573085573,1.0,1.0,1.0,1.0,0.8684516119982568,0.8686780012619674,0.8437851545199957,0.8608520713669678,5032,2,45
KDDCup09_upselling,0.9035084552765206,0.9070073135221386,0.8109621573969579,0.8697043059782877,1.0,1.0,1.0,1.0,0.8748010628758441,0.8758265190752141,0.8248190181501809,0.8563461715896968,5128,2,49
Long,0.9991187725366105,0.9998655115091204,0.9697359383815343,0.9981359003605859,0.905654761904762,0.8934495192307692,0.9834821428571427,0.9043526785714286,0.9995501114482949,1.0,0.955629904003816,0.997674024377174,4477,2,19
Marketing_Campaign,0.8805016910199658,0.9135829031703988,0.8774346770086574,0.8868737023543699,1.0,0.9963255494505495,1.0,1.0,0.9048303326119734,0.893021683469924,0.9031295578076066,0.8952529414265697,2240,2,27
Mobile_Price_Classification,0.9881947222222222,0.9987233333333332,0.9399052083333332,0.9939525,0.9799166666666667,0.8967115384615384,0.9646250000000001,0.9413750000000001,0.9210881706247752,0.9932772813394871,0.8950665140227514,0.9515222094663447,2000,4,20
National_Health_and_Nutrition_Health_Survey,0.7449032511892414,0.7684317971095038,0.7324054866053864,0.7465413641403484,1.0,1.0,1.0,1.0,0.878677309197402,0.878959713434549,0.8821328552874039,0.8744165963868851,2278,2,7
Performance-Prediction,0.7553453668838284,0.7998926451589173,0.7860154802462495,0.7773571513956129,1.0,1.0,1.0,1.0,0.8242974402225048,0.8299923610246209,0.8330402802311159,0.8307035561508084,1340,2,19
PieChart3,0.8339996080736821,0.8558706040187521,0.8177199686458946,0.8111503037428963,1.0,1.0,1.0,1.0,0.8984801870187309,0.895982505311246,0.9000494970232475,0.8986245107781641,1077,2,37
Pima_Indians_Diabetes_Database,0.8401450617283951,0.860789886039886,0.8361898148148148,0.8314259259259259,1.0,1.0,1.0,1.0,0.8681558600544124,0.8644971989143799,0.8592443621710584,0.8585657272949642,768,2,8
PizzaCutter3,0.8616195652173912,0.8849531772575252,0.8528260869565218,0.8355652173913044,1.0,1.0,1.0,1.0,0.9042906855865102,0.9001185364079543,0.9066689256338848,0.9066617881585443,1043,2,37
Pumpkin_Seeds,0.9355312499999999,0.9443688979289941,0.9326037660256411,0.9335915464743589,0.9988666666666667,0.9994153846153846,1.0,0.99995,0.8828123993134315,0.8849047222036079,0.8804030423636833,0.877001349918978,2500,2,12
QSAR_biodegradation,0.9372233400402415,0.9434058195325801,0.9298390342052313,0.9251546780684106,1.0,0.9998541742617573,1.0,0.9996445497630332,0.9052291294406962,0.903975599383839,0.9102366790938159,0.9007045812519338,1054,2,41
Telecom_Churn_Dataset,0.9105835895580876,0.9218282621700962,0.7988302586362814,0.8916802315066015,0.9133933033483258,0.9134932533733134,1.0,0.9500374812593704,0.9732020947578301,0.9748652323672181,0.8953531489115202,0.9398953006771262,3333,2,17
Water_Quality_and_Potability,0.5924542643229167,0.655513671875,0.553333984375,0.5979476318359375,1.0,1.0,1.0,1.0,0.689514870938401,0.7305122302672932,0.6485940839467054,0.690229427319259,3276,2,8
Waterstress,0.7134900435960881,0.8342741387280094,0.7422004241781548,0.7309482149169317,1.0,1.0,1.0,1.0,0.7567824009551246,0.8353540891875719,0.8033116755220617,0.7702550401301425,1188,2,22
Wilt,0.9822963181396918,0.9891799581326921,0.9019994312916,0.985604305333221,0.901070811744387,0.899641291351136,0.9197409326424872,0.904300518134715,0.9974727739561432,0.9987159356375457,0.9862311044059568,0.9979748307357444,4821,2,5
abalone,0.8108019722466152,0.8294064062460121,0.8032755816907791,0.8149513793082469,1.0,1.0,1.0,1.0,0.8278624858074433,0.8444773875995304,0.8413740889444645,0.8386519772384362,4177,3,8
ada,0.9115682827151274,0.914660289921679,0.8845288383744088,0.8955355753671894,1.0,1.0,1.0,1.0,0.8875973936217839,0.8847234352198197,0.8735823343833121,0.8823299163420069,4147,2,48
ada_agnostic,0.892470663532877,0.8990376341270884,0.8732663014859814,0.8860177110491774,1.0,1.0,1.0,1.0,0.8834389395980763,0.8877913058896928,0.8786892094419716,0.8813195074017489,4562,2,48
ada_prior,0.8872330178137964,0.8923264881302282,0.8466706695264639,0.8748803958336009,1.0,1.0,1.0,1.0,0.8764089193759217,0.8800133201509415,0.8721604655958032,0.8752175068767372,4562,2,14
airlines_seed_0_nrows_2000_nclasses_10_ncols_100_stratify_True,0.6422301514998144,0.6540451968822756,0.590717683976111,0.6155089077841887,1.0,1.0,1.0,1.0,0.7140779674991924,0.7474163535028205,0.7011734543536461,0.6826541837759301,2000,2,7
allbp,0.9133965631809278,0.9675222119365229,0.8153990394905004,0.8891295931096476,0.9130242825607064,0.9151604686704025,0.9232450331125828,0.9186754966887418,0.9949737033611937,0.993112768889366,0.982051570827452,0.9857425605352867,3772,3,29
allrep,0.9925273306607109,0.9949358359593775,0.9424342484113304,0.975744308842334,0.8847682119205299,0.8876006113092205,0.9027152317880793,0.8924172185430463,0.9997999308849753,0.9999214867512799,0.9943829784031184,0.9975320782984964,3772,4,29
analcatdata_authorship,0.9997805103505071,0.9999442162605805,0.9980494818903392,0.9980067406348269,0.9183431952662723,0.9116067364588075,0.9316568047337278,0.9232248520710059,0.999789029535865,0.9999032261009553,0.9966631256380416,0.9953102924956061,841,4,69
autoUniv-au7-1100,0.6616729541317287,0.7123351558656567,0.6211390117059843,0.6398264884006323,1.0,1.0,1.0,1.0,0.4865707519448938,0.5451656374073175,0.6783532540207733,0.5594417630735132,1100,5,12
banknote_authentication,0.47931354691238964,0.5122425388818831,0.512521429336762,0.5057785545912354,1.0,1.0,1.0,1.0,0.5545901478451588,0.5866821542705221,0.5659306563147242,0.5549766674101477,1372,2,4
baseball,0.9578042735191022,0.9664309036044111,0.938200881963838,0.9273509051189659,0.9589552238805971,0.9419058553386912,0.9546641791044777,0.9584888059701493,0.9611389847569543,0.9701407738981384,0.9616112980663264,0.9552395288889513,1340,3,16
car-evaluation,0.9984681503467633,0.9951674144401216,0.9737443285607369,0.9970455308835499,0.8964354527938343,0.91776345042241,0.9502890173410404,0.9028901734104047,0.9984080273821018,0.9877470266874001,0.9402852412538218,0.9954102404780365,1728,4,21
churn,0.9182630305732378,0.9289200639930087,0.8147324119254618,0.9061627407756008,0.9226000000000001,0.9161461538461538,1.0,0.93625,0.9730600411229459,0.9778216069837522,0.8957597950981944,0.9537725179657768,5000,2,20
cmc,0.7306589953349302,0.7583028597221838,0.6983003645424778,0.7244026095871353,1.0,1.0,1.0,1.0,0.8256036046558872,0.8363589610235376,0.7029307337483941,0.8074070546057456,1473,3,9
company_bankruptcy_prediction,0.9551170798898072,0.9626108550540369,0.9046207816804408,0.9099937586088154,0.9036412512218964,0.902757726144823,0.9110703812316716,0.9061766862170089,0.9933061717955418,0.9947095733698763,0.9885964906147404,0.9893458825796543,6819,2,95
contraceptive_method_choice,0.763790655200158,0.786891748646503,0.709761467492807,0.753449929765312,1.0,1.0,1.0,1.0,0.8589646095162283,0.8671029393196387,0.7142852295645572,0.8334143980000371,1473,3,9
credit-g,0.815063492063492,0.8340691391941392,0.7892142857142856,0.8012991071428571,1.0,1.0,1.0,1.0,0.8625651786995228,0.8674752947477984,0.8688519659913894,0.8741723388909167,1000,2,20
delta_ailerons,0.9787766594988874,0.9812188308302306,0.9736246946782695,0.9762274822138368,0.945956054230949,0.9424263674614306,0.9535413744740534,0.9479663394109398,0.9630320501435197,0.9642835190646832,0.957102822894379,0.9591522716565994,7129,2,5
dis,0.8369728577837595,0.9341956551747939,0.7611821444593988,0.8165727344100493,0.9289183222958056,0.9294447274579726,0.925298013245033,0.9226490066225165,0.9956749374452426,0.9966698149624457,0.9900614597104308,0.9934380433057453,3772,2,29
drug_consumption,0.501380531093981,0.5151535166138933,0.5249851519296316,0.5209926196059487,1.0,1.0,1.0,1.0,0.7951630266642761,0.8211803917908471,0.814302406293762,0.7459509502245006,1884,7,12
estimation_of_obesity_levels,0.9985684129840426,0.99967293644816,0.9778433324948025,0.9967424129796502,0.9089046493301812,0.9147299509001636,0.9683215130023641,0.9405437352245862,0.9879401768703729,0.9981085968225188,0.8913089556028848,0.9730861716316244,2111,7,16
eucalyptus,0.9118165998798266,0.9368229428563173,0.8764914914442531,0.9079958621155932,1.0,1.0,1.0,1.0,0.8422862231665634,0.8374409505749293,0.8553406948345906,0.8000167994643521,736,5,19
eye_movements,0.8676284015608413,0.9136124887271914,0.7111960790637495,0.7953099195754386,1.0,0.9888763886935733,1.0,1.0,0.8424812503430644,0.8730762105830573,0.8069499223257035,0.7877276264001398,10936,3,27
first-order-theorem-proving,0.8231981311861992,0.8288313573482206,0.7549743008998111,0.7805906925697212,1.0,1.0,1.0,1.0,0.8476909768082465,0.8429404270602754,0.8271899763691762,0.8302888427164803,6118,6,51
golf_play_dataset_extended,0.9701914216302253,0.9789239662072031,0.9451935159587834,0.9652802211610958,0.971689497716895,0.9353705655075518,0.98013698630137,0.9613013698630137,0.9353689084883517,0.9552559076659572,0.9084321136165749,0.9317569705085592,1095,2,9
heloc,0.7927767499999999,0.8015723730769231,0.788137875,0.7920517375,1.0,1.0,1.0,1.0,0.8257657699361517,0.8297167912807253,0.8249391248412324,0.8216751194482297,10000,2,22
ibm-employee-performance,1.0,0.9999588095973638,0.9205176260597947,0.9766543953592146,0.9331065759637189,0.9109890109890111,0.9551020408163267,0.9349489795918369,1.0,1.0,0.9545344945771306,0.9932724108495268,1470,2,30
jm1,0.7179204834640017,0.7350819169441037,0.7082810411808309,0.6990322626461565,1.0,1.0,1.0,1.0,0.862082153404289,0.8660166602611375,0.8637956642628204,0.8626207914482042,10885,2,21
kc1,0.8073669467787115,0.8346755506936503,0.8014533505709976,0.782993428140487,1.0,1.0,1.0,1.0,0.9010903536179122,0.9025897453224287,0.8969869495654326,0.8893512490515045,2109,2,21
kdd_ipums_la_97-small,0.9452873034081893,0.9473270072504929,0.926841395005216,0.9218177464443628,1.0,1.0,1.0,1.0,0.8941102765433911,0.8966303449254939,0.8967241801939112,0.894101654676727,5188,2,20
kr-vs-kp,0.9999138976948064,0.9994988153406611,0.9904641696998161,0.9997045125435404,0.9227604166666667,0.9256971153846154,0.934609375,0.921875,0.999888330541597,0.9989288937308429,0.975180678409765,0.9994926632888395,3196,2,36
maternal_health_risk,0.9299022958661546,0.9388485919829204,0.8576978810728167,0.8741191675597233,1.0,0.9998484274346343,1.0,1.0,0.8899020349391572,0.9010400135355859,0.8813522841791639,0.8601992131816463,1014,3,6
mice_protein_expression,0.9989260577344793,0.9999983889567223,0.9979614494974944,0.9997881716987207,0.8791666666666668,0.9116452991452992,0.9145833333333333,0.8979166666666668,0.9930748285449266,1.0,0.9968500250367445,0.9993460627165418,1080,8,75
national-longitudinal-survey-binary,0.9999889712856392,0.9999946722826011,0.9689281413087114,0.998490720439737,0.9322810590631366,0.9023343255522481,0.9688391038696538,0.9096232179226069,1.0,1.0,0.9481557954375666,0.9979518172124229,4908,2,16
ozone-level-8hr,0.9102478070175438,0.9328410931174088,0.895827302631579,0.9135657894736842,0.9383300460223539,0.9346836595357306,0.9454635108481264,0.9379684418145956,0.9658552586967692,0.968299815194873,0.9632605209866686,0.9657129221120326,2534,2,72
ozone_level,0.7371112595561494,0.817475121182536,0.7835448675128034,0.6291026497439323,0.9193569553805774,0.9118413082980013,0.9242125984251969,0.9173228346456694,0.9853139018016964,0.9869086342897166,0.9873293194433438,0.9843485928093407,2536,2,36
page-blocks,0.9894291864233193,0.9918014697735738,0.9556817779276884,0.9846049193601295,0.9050532724505326,0.906259220231823,0.9176255707762557,0.9099086757990869,0.9925725455813675,0.9947787996167268,0.9859432959067866,0.9899011763217818,5473,5,10
pc1,0.8131830381105744,0.8841075188901276,0.8328824476650565,0.7779428341384863,0.950900900900901,0.9518364518364518,0.9659909909909912,0.9681306306306307,0.9571192349701443,0.9596238756586339,0.948122750695148,0.939558871990707,1109,2,21
pc3,0.7868772241992882,0.8284060190254585,0.7988267348754448,0.781119328291815,0.999787007454739,0.9983288277217989,0.9979233226837061,0.9984824281150159,0.8922625499911052,0.899989369150528,0.898360655431887,0.8942125500469121,1563,2,37
pc4,0.9413935908564816,0.9527435563568376,0.8728190104166667,0.8926283094618055,0.980821917808219,0.9630927291886197,0.9873287671232878,0.9836472602739726,0.9151555475550593,0.923019175999835,0.8972854287834279,0.9075418006170177,1458,2,37
phoneme,0.9344851933208912,0.9510261100403882,0.8503034832444216,0.9142142158158125,0.9967314215232809,0.9800469650608411,1.0,1.0,0.8837547742894327,0.8985328185036396,0.8606918503370142,0.8818488441130379,5404,2,5
pol,0.9990563106643385,0.9991631823055263,0.9675772954127142,0.9992608438733934,0.9062964799206744,0.904111208573281,0.9612791274169559,0.9041522062469014,0.9991622033554903,0.9992279162750534,0.9413100703042262,0.9993419183699932,10082,2,26
predict_students_dropout_and_academic_success,0.8707100785214664,0.8804232204249666,0.8111032151066226,0.8364543978320286,1.0,1.0,1.0,1.0,0.8797731116254278,0.8826840844619065,0.8761507540257406,0.8685411340629043,4424,3,34
rice_cammeo_and_osmancik,0.972449391193411,0.9776590459408324,0.9744711051387405,0.9742999662295266,0.9619860017497813,0.9519079345851,0.9555774278215223,0.9591207349081365,0.9335917959757142,0.9439921418316046,0.9383478059650516,0.9353077412637727,3810,2,7
rl,0.8676007756802383,0.9102922285298232,0.6641517110712565,0.7471651842645409,1.0,1.0,1.0,1.0,0.8691384702922337,0.8908081503538404,0.7177093347704935,0.7932897623410766,4970,2,12
satimage,0.9903626064827641,0.9933250160700879,0.9763821376987658,0.9887190175179921,0.9701658890616901,0.9534992223950234,0.9918351477449456,0.9861780715396579,0.9258788892651251,0.9463639498490183,0.9011843015168923,0.9114081066600968,6430,6,36
segment,0.9923830658679144,0.9955687620460348,0.9799194597490052,0.9893360006996371,0.9347041847041848,0.9259407259407261,0.9910173160173161,0.9702922077922078,0.9452570747384789,0.9616976499686506,0.8943339628185409,0.9160393087450996,2310,7,17
seismic+bumps,0.706570454268664,0.7250470756864618,0.697211058336378,0.6704405675313604,0.951450676982592,0.9434607945246244,0.9491295938104449,0.951450676982592,0.9392468226507757,0.9453885573992159,0.9439691087444859,0.9402989820223558,2584,2,18
shill-bidding,0.8947359740387101,0.9005680403738656,0.8756622937227527,0.8927144347267914,0.9999209486166007,0.9984797810884767,0.9994466403162056,0.9997233201581028,0.9047818853797289,0.9088983165803032,0.9031250805164429,0.9080349312484601,6321,2,3
shrutime,0.8624283722595995,0.8771237489742868,0.7933779514466245,0.8566506876582844,1.0,1.0,1.0,1.0,0.8961205223212722,0.8995005114913946,0.8840536401637045,0.8967850800413852,10000,2,10
spambase,0.9847052308684763,0.9893186888054923,0.9658631772268136,0.9763148962745737,0.9110387260224394,0.9066065313622317,0.9544516829533118,0.9352605863192183,0.9740717442283353,0.9800894406169255,0.9321733658808247,0.955330106229353,4601,2,57
splice,0.9944755300259794,0.9927369375218151,0.9535748179799105,0.9677024080685281,0.901619644723093,0.9105739088497711,0.9963166144200628,0.955564263322884,0.9839778534128839,0.9799605085374381,0.892630658286586,0.9291627239777969,3190,3,60
sports_articles_for_objectivity_analysis,0.8673569913349871,0.8939866249595513,0.8709605220580304,0.8747262970553338,1.0,1.0,1.0,1.0,0.8579402548819622,0.875480241711257,0.8617559367583113,0.8642425118686134,1000,2,59
statlog,0.7468690476190476,0.7676698717948718,0.7085089285714286,0.7221741071428571,1.0,1.0,1.0,1.0,0.8248562210175594,0.8361120517813662,0.8259708739295554,0.8125529800776485,1000,2,20
steel_plates_faults,0.9547202590449976,0.972470562972842,0.923803384866559,0.9329120276475762,1.0,0.9999406762902907,1.0,1.0,0.8953960826963584,0.9034774823327582,0.9060526968680848,0.8759368418145685,1941,7,27
svmguide3,0.8475359405458089,0.9014141925326136,0.7601745248538011,0.7953559027777777,1.0,0.9973123262279889,1.0,1.0,0.8769742940585497,0.8843913287959386,0.8584585567937826,0.8700946145229124,1243,2,22
sylvine,0.9856416758040937,0.9944800130501199,0.9621002375730994,0.9751363475420322,0.9206829268292683,0.9000750469043154,0.9889756097560976,0.9535853658536586,0.9705788326551431,0.9893183641023182,0.9118266367534741,0.9469857049165413,5124,2,20
taiwanese_bankruptcy_prediction,0.9248114669421487,0.9324753655435474,0.8543130165289257,0.8558128873966943,0.912047898338221,0.9105741033160388,0.920051319648094,0.917467008797654,0.9889111649186223,0.9892635548262793,0.9850107166774561,0.9851395349205435,6819,2,95
telco-customer-churn,0.8396884014914705,0.8489408147975923,0.8258848717352554,0.8380791611769873,1.0,1.0,1.0,1.0,0.8693066866220054,0.873603424166747,0.861193061427006,0.8661322103676654,7043,2,18
thyroid,0.9997393317156069,0.9995549186054624,0.906581571180177,0.9954758770888976,0.9014583333333334,0.9020032051282052,0.9216319444444445,0.9001215277777779,0.9999743194658448,0.9999882109603921,0.9799444822257246,0.998614288220087,7200,3,21
thyroid-ann,0.9993148489285226,0.9993642622646545,0.8938519238105986,0.9848512399366411,0.9124503311258279,0.9052878247580236,0.929403973509934,0.9081788079470199,0.9998546435503567,0.9999887539361224,0.9773127096965808,0.995766049027,3772,3,21
thyroid-dis,0.8348911446523054,0.8562576477830819,0.8426979554736302,0.8356677929514261,1.0,1.0,1.0,1.0,0.8852032298458906,0.8747688634912749,0.8707807999507187,0.8803833074866679,2800,5,26
turiye_student_evaluation,0.7465573382243615,0.7499674088564774,0.7007065115434196,0.7275467451587951,1.0,1.0,1.0,1.0,0.8328618280302466,0.8109867644801049,0.8466367084959499,0.7557834593847754,5820,5,32
twonorm,0.9971760053128901,0.9984328439662544,0.9985095845682698,0.9980182122319435,0.9063063063063064,0.9040800415800416,0.9078040540540542,0.9045945945945946,0.9947125811847712,0.9982349106827919,0.9979950539380492,0.9966640395488157,7400,2,20
vehicle,0.9281288727612257,0.9668998207674678,0.925910679802224,0.9400136395467278,1.0,0.9956561085972851,0.9997058823529412,0.9991176470588234,0.9018248103186716,0.8919520771132562,0.9234482615385657,0.8911503718983687,846,4,18
wall-robot-navigation,0.9754691978047988,0.9994973247167779,0.9294934085739783,0.9929040477977552,0.9046092796092796,0.9033953226260919,0.9965659340659342,0.9410714285714286,1.0,0.9974886948130426,0.8977132539133019,0.9622201737546969,5456,4,24
water_quality,0.8842013592895116,0.9036826808322415,0.8392777708891954,0.8726677897208575,0.99925,0.9965192307692307,1.0,0.9991875,0.906811797167359,0.9089889195035981,0.9024081826161796,0.9076491555218293,7996,2,20
waveform-5000,0.9713701212109025,0.9775140734601704,0.971286742087363,0.9710528118799049,0.9993666666666666,1.0,0.9984500000000001,0.999,0.889636511725878,0.8919082083601271,0.8954187200644246,0.89413028925591,5000,3,40
waveform_database_generator_version_1,0.9630248916500794,0.9716948894301396,0.9639666014224677,0.9666609888376029,0.9999333333333333,1.0,0.9999,1.0,0.8722650006622475,0.8844957197915039,0.8830743552068306,0.882691820185911,5000,3,21
website_phishing,0.9712267109684084,0.9773863843720855,0.9141973970064375,0.941908905209182,0.9965559655596556,0.9830826000567698,0.9998154981549815,0.9976937269372694,0.9061832883002913,0.9226353039174686,0.8984075717001467,0.8968086929228144,1353,3,9
wine,0.8022781352124184,0.8371227493401208,0.8107119332107843,0.7767790670955883,1.0,1.0,1.0,1.0,0.8062446071103202,0.8267972955511254,0.824353317319549,0.7950312564639221,2554,2,4
wine-quality-red,0.7258138203612409,0.7653779900514619,0.7061663646677598,0.6797423655137658,1.0,1.0,1.0,1.0,0.7521744777892146,0.7842364096243679,0.7078261603337803,0.7036282870675372,1599,6,4
wine-quality-white,0.8042148872068166,0.8494963802136262,0.7431274069750016,0.7255268218910745,1.0,1.0,1.0,1.0,0.7717428068730255,0.8352759309428793,0.7674165212927028,0.6327723193125214,4898,7,11
